Usage: mysqldump [OPTIONS] database [tables]
OR     mysqldump [OPTIONS] --databases [OPTIONS] DB1 [DB2 DB3...]
OR     mysqldump [OPTIONS] --all-databases [OPTIONS]
For more options, use mysqldump --help
-- MySQL dump 10.13  Distrib 5.7.19, for Linux (x86_64)
--
-- Host: localhost    Database: users
-- ------------------------------------------------------
-- Server version	5.7.19-0ubuntu0.16.04.1

/*!40101 SET @OLD_CHARACTER_SET_CLIENT=@@CHARACTER_SET_CLIENT */;
/*!40101 SET @OLD_CHARACTER_SET_RESULTS=@@CHARACTER_SET_RESULTS */;
/*!40101 SET @OLD_COLLATION_CONNECTION=@@COLLATION_CONNECTION */;
/*!40101 SET NAMES utf8 */;
/*!40103 SET @OLD_TIME_ZONE=@@TIME_ZONE */;
/*!40103 SET TIME_ZONE='+00:00' */;
/*!40014 SET @OLD_UNIQUE_CHECKS=@@UNIQUE_CHECKS, UNIQUE_CHECKS=0 */;
/*!40014 SET @OLD_FOREIGN_KEY_CHECKS=@@FOREIGN_KEY_CHECKS, FOREIGN_KEY_CHECKS=0 */;
/*!40101 SET @OLD_SQL_MODE=@@SQL_MODE, SQL_MODE='NO_AUTO_VALUE_ON_ZERO' */;
/*!40111 SET @OLD_SQL_NOTES=@@SQL_NOTES, SQL_NOTES=0 */;

--
-- Table structure for table `author`
--

DROP TABLE IF EXISTS `author`;
/*!40101 SET @saved_cs_client     = @@character_set_client */;
/*!40101 SET character_set_client = utf8 */;
CREATE TABLE `author` (
  `id` int(11) NOT NULL AUTO_INCREMENT,
  `name` varchar(45) DEFAULT NULL,
  PRIMARY KEY (`id`),
  UNIQUE KEY `name` (`name`)
) ENGINE=InnoDB AUTO_INCREMENT=30 DEFAULT CHARSET=utf8;
/*!40101 SET character_set_client = @saved_cs_client */;

--
-- Dumping data for table `author`
--

LOCK TABLES `author` WRITE;
/*!40000 ALTER TABLE `author` DISABLE KEYS */;
INSERT INTO `author` VALUES (12,'Bash'),(15,'Google'),(21,'notdetected'),(6,'Programming principles'),(10,'uwebdesign'),(14,'АК'),(22,'Бенджамин Франклин'),(24,'Бил Гейтс'),(2,'Гандопас'),(13,'Гаррисон'),(17,'главред'),(23,'говорит вафин'),(28,'Гребенщиков'),(27,'Грибы'),(1,'Достаевский'),(11,'Дудь'),(4,'Жопный философ'),(18,'Крис Восс'),(16,'Лавкрафт'),(9,'Манн'),(20,'Напалеон'),(19,'Павел Сивожелезов'),(7,'Пушкин'),(3,'Сервантес'),(5,'Создатель Dendy'),(29,'ТРИЗ'),(26,'Уильям Гибсон'),(8,'Чехов');
/*!40000 ALTER TABLE `author` ENABLE KEYS */;
UNLOCK TABLES;

--
-- Table structure for table `cites`
--

DROP TABLE IF EXISTS `cites`;
/*!40101 SET @saved_cs_client     = @@character_set_client */;
/*!40101 SET character_set_client = utf8 */;
CREATE TABLE `cites` (
  `author_id` int(11) DEFAULT NULL,
  `text` varchar(256) DEFAULT NULL,
  UNIQUE KEY `text` (`text`)
) ENGINE=InnoDB DEFAULT CHARSET=utf8;
/*!40101 SET character_set_client = @saved_cs_client */;

--
-- Dumping data for table `cites`
--

LOCK TABLES `cites` WRITE;
/*!40000 ALTER TABLE `cites` DISABLE KEYS */;
INSERT INTO `cites` VALUES (1,'Суется рассуждать и решать, в чем не смыслит.'),(1,'Было бы очень зазорно перед самим собой.'),(1,'Тем не менее беда совершилась.'),(1,'Вопросов я наставил много, но есть один самый важный.'),(1,'Достолюбезной и почтенной супруге нашей'),(1,'Но тут не было никакого особенного намерения, а просто как-то так почему-то вышло.'),(1,'С появлением этой главной и все поглотившей во мне идеи мечты мои скрепились и разом отлились в извеcтную форму: из глупых сделались разумными.'),(1,'Я написал кому следует, через кого следует.'),(1,'Без фактов чувств не опишешь.'),(1,'Однажды как-то слишком уж отличился в одном возложенном на него поручении.'),(1,'Спрашивать денег - прегадкая история, даже жалованье, если чувствуешь где-то в складках совести, что их не совсем заслужил.'),(1,'Я уступчив и мелочен только в мелочах, но в главном не уступлю никогда.'),(1,'С лица твоего прыщет здоровьем.'),(1,'От красивой свежей женщины яблоком пахнет.'),(1,'Не от всякого можно обидеться. Не всякий стоит, чтобы на него обращать внимание.'),(1,'Жизнь всякой женщины, чтобы она там ни проповедовала, это - вечное искание, кому бы подчиниться...'),(1,'Ты мне в этот месяц стал как кусок моего собственного сердца.'),(1,'Особенно люблю, когда ты возражаешь.'),(1,'В своем месте все отзовется'),(1,'Тайное сознание могущества нестерпимо приятнее явного господства.'),(1,'Внутри безмерно больше остается, чем то, что выходит в словах.'),(1,'Не входить в споры и говорить только самое необходимое, так чтобы никто не мог обо мне ничего заключить; главное - не спорить.'),(1,'Я не понимаю, как можно, будучи под влиянием какой-нибудь господствующей мысли, которой подчиняется ваш ум и сердце вполне, жить еще чем-нибудь, что вне этой мысли.'),(1,'Не один логический вывод, а так сказать, вывод, обратившийся в чувство.'),(-1,'Zen poem\r\nTo follow the path:\r\nlook to the master,\r\nfollow the master\r\nwalk with the master\r\nsee through the master,\r\nbecome the master.'),(1,'Скрепляющая идея совсем пропала. Все точно на постоялом дворе и завтра собираются вон из России.'),(2,'Человек - среднее арифметическое своего окружения'),(1,'Самое простое понимается всегда лишь под конец, когда перепробовано уже все, что мудреней и глупее'),(1,'Сколько угрюмых лиц простонародья, возвращающихся с работы и промыслов'),(1,'Моя идея - это та крепость, в которую я могу спрятаться во всех случаях от всех людей'),(3,'Тех, кто предпочитает косной лени\r\nИ праздной неге пуховых перин\r\nКровавый и тяжёлый ратный труд!'),(3,'Хлещи же, хлещи себя по мясам, скот немыслимый, пробуди свою удаль, которая направлена у тебя на обжорство и только на обжорство'),(3,'Навъючь осла золотом - он тебе и в гору бегом побежит'),(3,'У бога просить не стыдись, но и потрудиться для него не ленись'),(3,'День на день не похож, и не всегда человек в духе бывает'),(3,'Отплати добром за хлеб, который ты ел у своего господина'),(3,'Храброе сердце злую судьбу ломает'),(3,'Ты человек прлнокровный, и лёгкое кровопускание не сможет тебе повредить'),(4,'Я не игрушка - я знатная личность!'),(3,'Добрые дела, которые делаются вяло и нерадиво, не зачитываются и ровно ничего не стоят'),(3,'Тебе надлежит ездить в карете, потому ездить как-нибудь по-другому - это для тебя теперь всё равно что ползать на карачках.'),(3,'Я отправлюсь губернаторствовать с величайшим желанием зашибить деньгу'),(3,'Погонишься за прибытком, а вернёшься с убытком'),(5,'У победы 100 отцов'),(5,'Если вы рекламируете мерседес,то вы на 30-50% рекламируете автомобили в целом'),(6,'“Write once, read never” code'),(7,'Люблю тебя Петра творенье'),(8,'Сколько языков ты знаешь - столько раз ты человек'),(9,'Скромность украшает когда нет других украшений'),(9,'Сплетник говорит с вами о других, зануда - о себе, а блестящий собеседник - о вас'),(9,'Мантра целеполагания\r\nАмбициозно, достижимо, всегда перед глазами'),(3,'Сумрак невежества и коварства не в силах затмить и помрачить свет доблести и благородства'),(6,'Performance is the art of doing less work'),(3,'Красота её, которую не в силах должным образом восславить неповоротливый мой язык'),(3,'Летит этот конь по воздуху с такой быстротой, что кажется, будто несут его черти'),(3,'Какое дело оруженосцам до приключений, которые затевают господа? Вся слава от них господам, а нам одни хлопоты.'),(6,'Родят ли 9 женщин одного ребенка за 1 месяц'),(4,'Инициатива ебёт инициатора'),(6,'Каждая новая ошибка должна оптимизировать ваши процессы'),(10,'Неважно где ты родился, а важно какие ценности ты впитал.'),(6,'Intresting people do intresting things'),(3,'Начать какое-нибудь дело - значит уже наполовину его кончить'),(3,'Всякая мелочь была ими возведена на возможную степень совершенства'),(3,'Нет ничего слаще повелевать и видеть, что тебе повинуются'),(3,'Я нахожу, что повелевать всегда приятно, хотя бы даже стадом баранов'),(3,'Тебе выдадут приличное новому твоему званию платье'),(3,'Иные действуют подкупом, докучают, хлопочут, встают спозаранку, выпрашивают, упорно добиваются - и цели своей, однако же не достигают, а другой неизвестно как и почему, сразу получает должность и службу, коей столь многие домогались'),(4,'Истина - это событие подтвержденное двумя соседками'),(3,'Должность которая не может прокормить того, кто её занимает, не стоит и двух бобов'),(11,'Нет материала, который бы не выигрывал от сокращения'),(10,'Говорят что работы на 4 месяца. Значит на самом деле на 8. В итоге в контракте записали 12, хотя раньше чем за 16, вряд ли управимся.'),(9,'If you do a follow up - you are hero'),(6,'Если вы тратите деньги, то ожидаете получить обратно как минимум столько же (желательно больше)'),(3,'Девушке честной - за прялкой место, женщина что курочка: много будет бегать - себя погубит, дурочка, - ведь коли женщина желает людей посмотреть, стало быть, есть у неё желание и себя показать.'),(3,'Мне бы в тепло да в уют, а люди пусть что хотят, то плетут.'),(3,'Дай псу в штаны нарядиться, он с собаками не станет водиться'),(3,'Правда всегда всплывает над ложью, как масло над водою'),(3,'Пища умеренная и лёгкая способствует оживлению умственной деятельности, в чем особенно нуждаются лица, стоящие у кормила власти и занимающие важные посты, которые требуют не столько сил телесных, сколько духовных.'),(10,'Не могу стоять, пока другие работают... Пойду полежу.'),(3,'Хотя иные утверждают, что величайший из всех человеческих грехов есть гордыня, я же лично считаю таковым неблагодарность, ибо придерживаюсь общепринятого мнения, что неблагодарными полон ад.'),(3,'Предоставь мне рухнуть под бременем моих дум и под гнётом моих злоключений.'),(3,'Кто поел всласть, тому и смерть не напасть'),(3,'Кто путает такие важные вещи, от того можно ожидать, что он перепутает и всё остальное'),(3,'Сердце у тебя чёрствое, а тело, хоть ты и деревенщина, нежное.'),(3,'Я не свергаю и не возвожу на престол королей - я спасаю себя, потому  я сам себе сеньор'),(3,'Справедливость - такая хорошая вещь, что её и с ворами соблюдать должно'),(3,'Моя воля есть ваша воля, особливо когда речь идёт о том, чтобы вам угодить.'),(12,'Кто-то склонен к необдуманным действиям, но не я. Я склоняюсь к необдуманному бездействию. '),(6,'Если гора кода рождает мышь, значит, с ней что-то не то. '),(6,'Трудно оценить проблему со стороны, когда ты сидишь в ней по уши настолько давно, что другой жизни уже и не представляешь.'),(3,'Кто в словах излил обиду, тот уже почти простил'),(2,'Опыт - сын ошибок'),(13,'Я могу копнуть так глубоко, что подрою все корни дерева твоих знаний и выворочу его наружу.'),(14,'Не молчи на меня'),(15,'Если атакующий успешно внедрил куда-либо какой-либо код, то, в общем и целом, говорить уже не о чем.'),(16,'Одно дело - искать непонятное чудовище, совсем другое - найти его'),(16,'Но при внимательном рассмотрении он заметил все ту же скудость воображения, поблекшую, болезненную красу, уныние, банальность и напыщенную серьезность, возомнившую себя истиной в последней инстанции'),(17,'Правильно подобранные слова - это ключ к решению многих проблем'),(17,'Главное не красота - главное смысл'),(17,'Краткость, ясность, убедительность'),(17,'Главное в сильном тексте - забота о читателе'),(17,'Если что-то пришлось кстати, не надо это специально выделять. А если оно некстати, то никакое \'кстати\' ему не поможет'),(17,'Никакая реклама не поможет, если она противоречит опыту'),(17,'Умничать - всегда плохая стратегия'),(17,'Критиковать работу можно - а человека нельзя'),(17,'Если человек так говорит - он достиг дна'),(17,'Написать о предмете доступно может только тот, кто хорошо в нём разбирается'),(18,'Это был итеративный процесс, а не интелектуальный'),(18,'Сбор информации и влияние на поведение'),(18,'Я в порядке, вы в порядке, давайте вместе подумаем над проблемой'),(19,'Ощутите силу в безразличии'),(17,'Одно предложение - одна новая мысль'),(17,'Работаем со смыслом, а не с формой'),(18,'Чем больше вы знаете о человеке - тем больше у вас власти над ним'),(20,'У победы много отцов, а поражение всегда сирота'),(21,'Опыт - сын ошибок трудных'),(19,'Тот кто задаёт вопросы - контролирует ход переговоров'),(22,'Мастер находить оправдания редко бывает мастером в чём-нибудь ещё'),(19,'Не сделанная работа стоит дороже чем сделанная'),(21,'Благополучие и покой хрупки, а испытания неизбежны'),(13,'В мире кривых умов не меньше, чем кривых тел'),(23,'Самая большая проказа для кошелька - это баба'),(24,'Ради кофе можно пойти на все. Даже на работу'),(21,'У меня очко забилось'),(6,'Мне не нужно бежать быстрее медведя, мне нужно бежать быстрее тебя'),(23,'Раздалось оглушительное молчание'),(6,'Performance is never ending game'),(26,'Мясо, сказало что-то в нем, это говорит мясо, не слушай его!'),(21,'Только личность способна воспитать новую личность и только талант способен вырастить новый талант'),(7,'В Академии наук\r\nЗаседает князь Дундук.\r\nГоворят, не подобает\r\nДундуку такая честь;\r\nПочему ж он заседает?\r\nПотому что ЖООООПААА есть.'),(21,'Баскетбол - это шахматы в движении'),(23,'Воин долбоебизма отвергает простые пути'),(21,'Без стремления нет достижения'),(27,'И не надо мне тут пукать губами!!!'),(23,'ЛЮДИ ВЕЧНО СТАРАЮТСЯ МАКНУТЬ В ГРЯЗЬ ТАЛАНТ, СЛОМИТЬ ДУХ СКУЧНЫМИ БУМАЖКАМИ, ДИПЛОМАМИ. ЛЮДИ ВЕЗДЕ ЛЮБЯТ ЦИФРЫ И ПОРЯДОК, НО ВЕДЬ ЭТО ТАК СКУЧНО НАХУЙ.'),(28,'Отъебись несчастье, приебись счастье'),(6,'WET = We Enjoy Typing\r\nDRY = Don\'t Repeat Yourself'),(29,'Избавляет от возможности делать глупости'),(26,'Тем, кто может быть по-настоящему опасен, вовсе необязательно выставлять это напоказ, а способность скрывать угрозу делает их еще опаснее'),(26,'Деньги как универсальный растворитель, растворяют по его воле любые преграды');
/*!40000 ALTER TABLE `cites` ENABLE KEYS */;
UNLOCK TABLES;

--
-- Table structure for table `event`
--

DROP TABLE IF EXISTS `event`;
/*!40101 SET @saved_cs_client     = @@character_set_client */;
/*!40101 SET character_set_client = utf8 */;
CREATE TABLE `event` (
  `name` varchar(20) DEFAULT NULL,
  `date` date DEFAULT NULL,
  `type` varchar(15) DEFAULT NULL,
  `remark` varchar(255) DEFAULT NULL
) ENGINE=InnoDB DEFAULT CHARSET=latin1;
/*!40101 SET character_set_client = @saved_cs_client */;

--
-- Dumping data for table `event`
--

LOCK TABLES `event` WRITE;
/*!40000 ALTER TABLE `event` DISABLE KEYS */;
INSERT INTO `event` VALUES ('fluffy','1995-05-15','litter','4 kittens, 3 female, 1 male');
/*!40000 ALTER TABLE `event` ENABLE KEYS */;
UNLOCK TABLES;

--
-- Table structure for table `pomodoro`
--

DROP TABLE IF EXISTS `pomodoro`;
/*!40101 SET @saved_cs_client     = @@character_set_client */;
/*!40101 SET character_set_client = utf8 */;
CREATE TABLE `pomodoro` (
  `type` char(1) DEFAULT NULL,
  `time` datetime DEFAULT NULL,
  `session_id` varchar(36) DEFAULT NULL
) ENGINE=InnoDB DEFAULT CHARSET=latin1;
/*!40101 SET character_set_client = @saved_cs_client */;

--
-- Dumping data for table `pomodoro`
--

LOCK TABLES `pomodoro` WRITE;
/*!40000 ALTER TABLE `pomodoro` DISABLE KEYS */;
INSERT INTO `pomodoro` VALUES ('0','2017-10-23 23:44:43','57e70c50-66ab-11e7-b6ac-4fd9fd4aae3d'),('0','2017-10-23 23:48:55','57e70c50-66ab-11e7-b6ac-4fd9fd4aae3d'),('0','2017-10-23 23:49:10','57e70c50-66ab-11e7-b6ac-4fd9fd4aae3d'),('0','2017-10-23 23:49:20','57e70c50-66ab-11e7-b6ac-4fd9fd4aae3d'),('0','2017-10-23 23:56:35','57e70c50-66ab-11e7-b6ac-4fd9fd4aae3d'),('1','2017-10-23 23:56:40','57e70c50-66ab-11e7-b6ac-4fd9fd4aae3d'),('2','2017-10-23 23:56:49','57e70c50-66ab-11e7-b6ac-4fd9fd4aae3d'),('0','2017-10-23 23:57:39','57e70c50-66ab-11e7-b6ac-4fd9fd4aae3d'),('0','2017-10-24 00:28:35','57e70c50-66ab-11e7-b6ac-4fd9fd4aae3d'),('0','2017-10-24 09:55:37','57e70c50-66ab-11e7-b6ac-4fd9fd4aae3d'),('1','2017-10-24 10:04:57','57e70c50-66ab-11e7-b6ac-4fd9fd4aae3d'),('0','2017-10-24 10:30:25','57e70c50-66ab-11e7-b6ac-4fd9fd4aae3d'),('2','2017-10-24 10:40:54','57e70c50-66ab-11e7-b6ac-4fd9fd4aae3d'),('2','2017-10-24 11:31:52','57e70c50-66ab-11e7-b6ac-4fd9fd4aae3d'),('1','2017-10-24 12:23:06','57e70c50-66ab-11e7-b6ac-4fd9fd4aae3d'),('0','2017-10-24 12:48:25','57e70c50-66ab-11e7-b6ac-4fd9fd4aae3d'),('1','2017-10-24 13:08:17','57e70c50-66ab-11e7-b6ac-4fd9fd4aae3d'),('0','2017-10-24 13:42:00','57e70c50-66ab-11e7-b6ac-4fd9fd4aae3d'),('1','2017-10-24 13:51:59','57e70c50-66ab-11e7-b6ac-4fd9fd4aae3d'),('0','2017-10-24 14:19:16','57e70c50-66ab-11e7-b6ac-4fd9fd4aae3d'),('1','2017-10-24 14:24:51','57e70c50-66ab-11e7-b6ac-4fd9fd4aae3d'),('0','2017-10-24 15:00:59','57e70c50-66ab-11e7-b6ac-4fd9fd4aae3d'),('1','2017-10-24 15:13:11','57e70c50-66ab-11e7-b6ac-4fd9fd4aae3d'),('0','2017-10-24 15:40:21','57e70c50-66ab-11e7-b6ac-4fd9fd4aae3d'),('1','2017-10-24 16:00:49','57e70c50-66ab-11e7-b6ac-4fd9fd4aae3d'),('0','2017-10-24 16:28:49','57e70c50-66ab-11e7-b6ac-4fd9fd4aae3d'),('1','2017-10-24 16:39:18','57e70c50-66ab-11e7-b6ac-4fd9fd4aae3d'),('0','2017-10-24 17:04:55','57e70c50-66ab-11e7-b6ac-4fd9fd4aae3d'),('1','2017-10-24 17:17:30','57e70c50-66ab-11e7-b6ac-4fd9fd4aae3d'),('0','2017-10-24 17:45:57','57e70c50-66ab-11e7-b6ac-4fd9fd4aae3d'),('1','2017-10-24 21:44:27','57e70c50-66ab-11e7-b6ac-4fd9fd4aae3d'),('0','2017-10-25 09:26:32','57e70c50-66ab-11e7-b6ac-4fd9fd4aae3d'),('1','2017-10-25 09:36:47','57e70c50-66ab-11e7-b6ac-4fd9fd4aae3d'),('0','2017-10-25 10:06:29','57e70c50-66ab-11e7-b6ac-4fd9fd4aae3d'),('1','2017-10-25 10:31:58','57e70c50-66ab-11e7-b6ac-4fd9fd4aae3d'),('2','2017-10-25 10:43:17','57e70c50-66ab-11e7-b6ac-4fd9fd4aae3d'),('2','2017-10-25 11:15:05','57e70c50-66ab-11e7-b6ac-4fd9fd4aae3d'),('0','2017-10-25 12:02:13','57e70c50-66ab-11e7-b6ac-4fd9fd4aae3d'),('0','2017-10-25 12:49:27','57e70c50-66ab-11e7-b6ac-4fd9fd4aae3d'),('1','2017-10-25 12:56:41','57e70c50-66ab-11e7-b6ac-4fd9fd4aae3d'),('0','2017-10-25 13:23:50','57e70c50-66ab-11e7-b6ac-4fd9fd4aae3d'),('1','2017-10-25 13:29:26','57e70c50-66ab-11e7-b6ac-4fd9fd4aae3d'),('0','2017-10-25 14:05:10','57e70c50-66ab-11e7-b6ac-4fd9fd4aae3d'),('1','2017-10-25 14:24:42','57e70c50-66ab-11e7-b6ac-4fd9fd4aae3d'),('0','2017-10-25 14:51:12','57e70c50-66ab-11e7-b6ac-4fd9fd4aae3d'),('1','2017-10-25 14:59:52','57e70c50-66ab-11e7-b6ac-4fd9fd4aae3d'),('0','2017-10-25 15:26:20','57e70c50-66ab-11e7-b6ac-4fd9fd4aae3d'),('1','2017-10-25 15:32:54','57e70c50-66ab-11e7-b6ac-4fd9fd4aae3d'),('0','2017-10-25 15:58:42','57e70c50-66ab-11e7-b6ac-4fd9fd4aae3d'),('1','2017-10-25 16:10:45','57e70c50-66ab-11e7-b6ac-4fd9fd4aae3d'),('0','2017-10-25 16:39:51','57e70c50-66ab-11e7-b6ac-4fd9fd4aae3d'),('1','2017-10-25 16:46:42','57e70c50-66ab-11e7-b6ac-4fd9fd4aae3d'),('0','2017-10-25 17:32:16','57e70c50-66ab-11e7-b6ac-4fd9fd4aae3d'),('2','2017-10-25 17:49:13','57e70c50-66ab-11e7-b6ac-4fd9fd4aae3d'),('2','2017-10-25 17:59:41','57e70c50-66ab-11e7-b6ac-4fd9fd4aae3d'),('0','2017-10-26 09:16:52','57e70c50-66ab-11e7-b6ac-4fd9fd4aae3d'),('1','2017-10-26 09:27:39','57e70c50-66ab-11e7-b6ac-4fd9fd4aae3d'),('0','2017-10-26 09:54:16','57e70c50-66ab-11e7-b6ac-4fd9fd4aae3d'),('1','2017-10-26 09:59:34','57e70c50-66ab-11e7-b6ac-4fd9fd4aae3d'),('2','2017-10-26 10:09:38','57e70c50-66ab-11e7-b6ac-4fd9fd4aae3d'),('2','2017-10-26 11:22:36','57e70c50-66ab-11e7-b6ac-4fd9fd4aae3d'),('0','2017-10-26 11:50:21','57e70c50-66ab-11e7-b6ac-4fd9fd4aae3d'),('1','2017-10-26 11:57:09','57e70c50-66ab-11e7-b6ac-4fd9fd4aae3d'),('0','2017-10-26 12:29:14','57e70c50-66ab-11e7-b6ac-4fd9fd4aae3d'),('0','2017-10-26 13:21:46','57e70c50-66ab-11e7-b6ac-4fd9fd4aae3d'),('1','2017-10-26 13:45:44','57e70c50-66ab-11e7-b6ac-4fd9fd4aae3d'),('0','2017-10-26 14:14:17','57e70c50-66ab-11e7-b6ac-4fd9fd4aae3d'),('1','2017-10-26 14:22:29','57e70c50-66ab-11e7-b6ac-4fd9fd4aae3d'),('0','2017-10-26 14:50:27','57e70c50-66ab-11e7-b6ac-4fd9fd4aae3d'),('1','2017-10-26 15:04:41','57e70c50-66ab-11e7-b6ac-4fd9fd4aae3d'),('0','2017-10-26 15:30:41','57e70c50-66ab-11e7-b6ac-4fd9fd4aae3d'),('0','2017-10-26 17:43:14','57e70c50-66ab-11e7-b6ac-4fd9fd4aae3d'),('0','2017-10-27 09:32:46','57e70c50-66ab-11e7-b6ac-4fd9fd4aae3d'),('1','2017-10-27 09:37:57','57e70c50-66ab-11e7-b6ac-4fd9fd4aae3d'),('0','2017-10-27 10:03:01','57e70c50-66ab-11e7-b6ac-4fd9fd4aae3d'),('1','2017-10-27 10:31:31','57e70c50-66ab-11e7-b6ac-4fd9fd4aae3d'),('0','2017-10-27 12:38:29','57e70c50-66ab-11e7-b6ac-4fd9fd4aae3d'),('1','2017-10-27 12:46:04','57e70c50-66ab-11e7-b6ac-4fd9fd4aae3d'),('0','2017-10-27 13:13:44','57e70c50-66ab-11e7-b6ac-4fd9fd4aae3d'),('2','2017-10-27 13:29:54','57e70c50-66ab-11e7-b6ac-4fd9fd4aae3d'),('0','2017-10-27 13:58:01','57e70c50-66ab-11e7-b6ac-4fd9fd4aae3d'),('1','2017-10-27 14:07:15','57e70c50-66ab-11e7-b6ac-4fd9fd4aae3d'),('0','2017-10-27 14:32:46','57e70c50-66ab-11e7-b6ac-4fd9fd4aae3d'),('1','2017-10-27 15:03:26','57e70c50-66ab-11e7-b6ac-4fd9fd4aae3d'),('0','2017-10-27 15:29:14','57e70c50-66ab-11e7-b6ac-4fd9fd4aae3d'),('0','2017-10-27 16:08:15','57e70c50-66ab-11e7-b6ac-4fd9fd4aae3d'),('0','2017-10-30 09:39:32','57e70c50-66ab-11e7-b6ac-4fd9fd4aae3d'),('1','2017-10-30 10:02:15','57e70c50-66ab-11e7-b6ac-4fd9fd4aae3d'),('0','2017-10-30 10:37:50','57e70c50-66ab-11e7-b6ac-4fd9fd4aae3d'),('2','2017-10-30 10:52:54','57e70c50-66ab-11e7-b6ac-4fd9fd4aae3d'),('0','2017-10-30 12:08:05','57e70c50-66ab-11e7-b6ac-4fd9fd4aae3d'),('2','2017-10-30 12:50:05','57e70c50-66ab-11e7-b6ac-4fd9fd4aae3d'),('0','2017-10-30 13:40:33','57e70c50-66ab-11e7-b6ac-4fd9fd4aae3d'),('1','2017-10-30 14:06:58','57e70c50-66ab-11e7-b6ac-4fd9fd4aae3d'),('0','2017-10-30 14:38:22','57e70c50-66ab-11e7-b6ac-4fd9fd4aae3d'),('1','2017-10-30 14:51:10','57e70c50-66ab-11e7-b6ac-4fd9fd4aae3d'),('0','2017-10-30 15:17:51','57e70c50-66ab-11e7-b6ac-4fd9fd4aae3d'),('1','2017-10-30 15:36:50','57e70c50-66ab-11e7-b6ac-4fd9fd4aae3d'),('0','2017-10-30 16:02:33','57e70c50-66ab-11e7-b6ac-4fd9fd4aae3d'),('1','2017-10-30 16:09:39','57e70c50-66ab-11e7-b6ac-4fd9fd4aae3d'),('0','2017-10-30 17:38:56','57e70c50-66ab-11e7-b6ac-4fd9fd4aae3d'),('0','2017-10-31 10:14:39','57e70c50-66ab-11e7-b6ac-4fd9fd4aae3d'),('1','2017-10-31 10:21:06','57e70c50-66ab-11e7-b6ac-4fd9fd4aae3d'),('0','2017-10-31 10:47:14','57e70c50-66ab-11e7-b6ac-4fd9fd4aae3d'),('2','2017-10-31 10:59:17','57e70c50-66ab-11e7-b6ac-4fd9fd4aae3d'),('0','2017-10-31 12:29:48','57e70c50-66ab-11e7-b6ac-4fd9fd4aae3d'),('2','2017-10-31 12:49:57','57e70c50-66ab-11e7-b6ac-4fd9fd4aae3d'),('0','2017-10-31 13:14:58','57e70c50-66ab-11e7-b6ac-4fd9fd4aae3d'),('1','2017-10-31 13:38:53','57e70c50-66ab-11e7-b6ac-4fd9fd4aae3d'),('0','2017-10-31 14:04:46','57e70c50-66ab-11e7-b6ac-4fd9fd4aae3d'),('1','2017-10-31 14:31:59','57e70c50-66ab-11e7-b6ac-4fd9fd4aae3d'),('0','2017-10-31 15:15:01','57e70c50-66ab-11e7-b6ac-4fd9fd4aae3d'),('0','2017-10-31 16:35:56','57e70c50-66ab-11e7-b6ac-4fd9fd4aae3d'),('0','2017-11-01 09:45:47','57e70c50-66ab-11e7-b6ac-4fd9fd4aae3d'),('1','2017-11-01 10:01:32','57e70c50-66ab-11e7-b6ac-4fd9fd4aae3d'),('0','2017-11-01 10:41:10','57e70c50-66ab-11e7-b6ac-4fd9fd4aae3d'),('2','2017-11-01 10:57:38','57e70c50-66ab-11e7-b6ac-4fd9fd4aae3d'),('0','2017-11-01 12:20:24','57e70c50-66ab-11e7-b6ac-4fd9fd4aae3d'),('1','2017-11-01 13:07:52','57e70c50-66ab-11e7-b6ac-4fd9fd4aae3d'),('0','2017-11-01 13:33:08','57e70c50-66ab-11e7-b6ac-4fd9fd4aae3d'),('1','2017-11-01 13:44:47','57e70c50-66ab-11e7-b6ac-4fd9fd4aae3d'),('0','2017-11-01 14:13:30','57e70c50-66ab-11e7-b6ac-4fd9fd4aae3d'),('1','2017-11-01 14:33:28','57e70c50-66ab-11e7-b6ac-4fd9fd4aae3d'),('0','2017-11-01 16:27:32','57e70c50-66ab-11e7-b6ac-4fd9fd4aae3d'),('1','2017-11-01 17:03:37','57e70c50-66ab-11e7-b6ac-4fd9fd4aae3d'),('0','2017-11-02 10:00:01','57e70c50-66ab-11e7-b6ac-4fd9fd4aae3d'),('1','2017-11-02 10:14:13','57e70c50-66ab-11e7-b6ac-4fd9fd4aae3d'),('2','2017-11-02 10:25:06','57e70c50-66ab-11e7-b6ac-4fd9fd4aae3d'),('0','2017-11-02 11:39:41','57e70c50-66ab-11e7-b6ac-4fd9fd4aae3d'),('0','2017-11-02 12:22:42','57e70c50-66ab-11e7-b6ac-4fd9fd4aae3d'),('1','2017-11-02 12:55:30','57e70c50-66ab-11e7-b6ac-4fd9fd4aae3d'),('0','2017-11-02 13:51:32','57e70c50-66ab-11e7-b6ac-4fd9fd4aae3d'),('1','2017-11-02 14:21:05','57e70c50-66ab-11e7-b6ac-4fd9fd4aae3d'),('0','2017-11-02 16:31:15','57e70c50-66ab-11e7-b6ac-4fd9fd4aae3d'),('0','2017-11-03 09:37:51','57e70c50-66ab-11e7-b6ac-4fd9fd4aae3d'),('1','2017-11-03 09:42:59','57e70c50-66ab-11e7-b6ac-4fd9fd4aae3d'),('0','2017-11-03 10:08:46','57e70c50-66ab-11e7-b6ac-4fd9fd4aae3d'),('1','2017-11-03 10:20:05','57e70c50-66ab-11e7-b6ac-4fd9fd4aae3d'),('0','2017-11-03 10:48:22','57e70c50-66ab-11e7-b6ac-4fd9fd4aae3d'),('1','2017-11-03 10:57:24','57e70c50-66ab-11e7-b6ac-4fd9fd4aae3d'),('2','2017-11-03 11:07:25','57e70c50-66ab-11e7-b6ac-4fd9fd4aae3d'),('0','2017-11-03 12:31:40','57e70c50-66ab-11e7-b6ac-4fd9fd4aae3d'),('1','2017-11-03 12:38:41','57e70c50-66ab-11e7-b6ac-4fd9fd4aae3d'),('0','2017-11-03 13:05:09','57e70c50-66ab-11e7-b6ac-4fd9fd4aae3d'),('1','2017-11-03 13:13:59','57e70c50-66ab-11e7-b6ac-4fd9fd4aae3d'),('0','2017-11-03 13:41:16','57e70c50-66ab-11e7-b6ac-4fd9fd4aae3d'),('1','2017-11-03 13:51:38','57e70c50-66ab-11e7-b6ac-4fd9fd4aae3d'),('0','2017-11-03 14:16:58','57e70c50-66ab-11e7-b6ac-4fd9fd4aae3d'),('2','2017-11-03 14:31:09','57e70c50-66ab-11e7-b6ac-4fd9fd4aae3d'),('0','2017-11-03 15:16:44','57e70c50-66ab-11e7-b6ac-4fd9fd4aae3d'),('1','2017-11-03 15:29:37','57e70c50-66ab-11e7-b6ac-4fd9fd4aae3d'),('0','2017-11-03 16:00:55','57e70c50-66ab-11e7-b6ac-4fd9fd4aae3d'),('2','2017-11-03 16:12:16','57e70c50-66ab-11e7-b6ac-4fd9fd4aae3d'),('0','2017-11-03 16:44:41','57e70c50-66ab-11e7-b6ac-4fd9fd4aae3d'),('0','2017-11-07 09:39:41','57e70c50-66ab-11e7-b6ac-4fd9fd4aae3d'),('1','2017-11-07 10:23:58','57e70c50-66ab-11e7-b6ac-4fd9fd4aae3d'),('2','2017-11-08 00:59:47','57e70c50-66ab-11e7-b6ac-4fd9fd4aae3d'),('0','2017-11-08 09:48:46','57e70c50-66ab-11e7-b6ac-4fd9fd4aae3d'),('1','2017-11-08 09:54:00','57e70c50-66ab-11e7-b6ac-4fd9fd4aae3d'),('0','2017-11-08 10:19:55','57e70c50-66ab-11e7-b6ac-4fd9fd4aae3d'),('0','2017-11-08 10:47:03','57e70c50-66ab-11e7-b6ac-4fd9fd4aae3d'),('0','2017-11-09 09:59:54','57e70c50-66ab-11e7-b6ac-4fd9fd4aae3d'),('1','2017-11-09 10:06:14','57e70c50-66ab-11e7-b6ac-4fd9fd4aae3d'),('0','2017-11-09 10:35:13','57e70c50-66ab-11e7-b6ac-4fd9fd4aae3d'),('2','2017-11-09 11:43:37','57e70c50-66ab-11e7-b6ac-4fd9fd4aae3d'),('2','2017-11-09 12:05:38','57e70c50-66ab-11e7-b6ac-4fd9fd4aae3d'),('0','2017-11-09 12:22:39','57e70c50-66ab-11e7-b6ac-4fd9fd4aae3d'),('1','2017-11-09 12:28:40','57e70c50-66ab-11e7-b6ac-4fd9fd4aae3d'),('0','2017-11-09 12:55:24','57e70c50-66ab-11e7-b6ac-4fd9fd4aae3d'),('1','2017-11-09 13:04:58','57e70c50-66ab-11e7-b6ac-4fd9fd4aae3d'),('0','2017-11-09 13:38:21','57e70c50-66ab-11e7-b6ac-4fd9fd4aae3d'),('1','2017-11-09 13:45:14','57e70c50-66ab-11e7-b6ac-4fd9fd4aae3d'),('0','2017-11-09 14:11:26','57e70c50-66ab-11e7-b6ac-4fd9fd4aae3d'),('1','2017-11-09 14:22:46','57e70c50-66ab-11e7-b6ac-4fd9fd4aae3d'),('0','2017-11-09 14:58:37','57e70c50-66ab-11e7-b6ac-4fd9fd4aae3d'),('0','2017-11-09 16:04:18','57e70c50-66ab-11e7-b6ac-4fd9fd4aae3d'),('1','2017-11-09 16:12:49','57e70c50-66ab-11e7-b6ac-4fd9fd4aae3d'),('1','2017-11-09 16:18:52','57e70c50-66ab-11e7-b6ac-4fd9fd4aae3d'),('0','2017-11-09 16:29:41','57e70c50-66ab-11e7-b6ac-4fd9fd4aae3d'),('1','2017-11-09 16:41:44','57e70c50-66ab-11e7-b6ac-4fd9fd4aae3d'),('0','2017-11-09 17:48:34','57e70c50-66ab-11e7-b6ac-4fd9fd4aae3d'),('0','2017-11-10 09:50:48','57e70c50-66ab-11e7-b6ac-4fd9fd4aae3d'),('1','2017-11-10 09:55:51','57e70c50-66ab-11e7-b6ac-4fd9fd4aae3d'),('0','2017-11-10 10:24:14','57e70c50-66ab-11e7-b6ac-4fd9fd4aae3d'),('2','2017-11-10 11:38:45','57e70c50-66ab-11e7-b6ac-4fd9fd4aae3d'),('0','2017-11-10 12:22:13','57e70c50-66ab-11e7-b6ac-4fd9fd4aae3d'),('1','2017-11-10 12:28:46','57e70c50-66ab-11e7-b6ac-4fd9fd4aae3d'),('0','2017-11-10 12:57:06','57e70c50-66ab-11e7-b6ac-4fd9fd4aae3d'),('1','2017-11-10 13:07:27','57e70c50-66ab-11e7-b6ac-4fd9fd4aae3d'),('1','2017-11-10 13:19:34','57e70c50-66ab-11e7-b6ac-4fd9fd4aae3d'),('0','2017-11-10 13:45:51','57e70c50-66ab-11e7-b6ac-4fd9fd4aae3d'),('1','2017-11-10 14:15:38','57e70c50-66ab-11e7-b6ac-4fd9fd4aae3d'),('0','2017-11-13 11:49:56','57e70c50-66ab-11e7-b6ac-4fd9fd4aae3d'),('2','2017-11-13 11:50:13','57e70c50-66ab-11e7-b6ac-4fd9fd4aae3d'),('0','2017-11-13 12:15:19','57e70c50-66ab-11e7-b6ac-4fd9fd4aae3d'),('1','2017-11-13 12:29:47','57e70c50-66ab-11e7-b6ac-4fd9fd4aae3d'),('0','2017-11-13 12:54:50','57e70c50-66ab-11e7-b6ac-4fd9fd4aae3d'),('1','2017-11-13 13:05:25','57e70c50-66ab-11e7-b6ac-4fd9fd4aae3d'),('1','2017-11-13 13:55:44','57e70c50-66ab-11e7-b6ac-4fd9fd4aae3d'),('0','2017-11-13 14:24:15','57e70c50-66ab-11e7-b6ac-4fd9fd4aae3d'),('1','2017-11-13 14:30:11','57e70c50-66ab-11e7-b6ac-4fd9fd4aae3d'),('0','2017-11-13 14:55:36','57e70c50-66ab-11e7-b6ac-4fd9fd4aae3d'),('0','2017-11-13 15:29:08','57e70c50-66ab-11e7-b6ac-4fd9fd4aae3d'),('1','2017-11-13 15:58:23','57e70c50-66ab-11e7-b6ac-4fd9fd4aae3d'),('0','2017-11-13 16:30:03','57e70c50-66ab-11e7-b6ac-4fd9fd4aae3d'),('1','2017-11-13 16:44:13','57e70c50-66ab-11e7-b6ac-4fd9fd4aae3d'),('0','2017-11-13 17:13:10','57e70c50-66ab-11e7-b6ac-4fd9fd4aae3d'),('0','2017-11-14 09:49:57','57e70c50-66ab-11e7-b6ac-4fd9fd4aae3d'),('1','2017-11-14 09:57:13','57e70c50-66ab-11e7-b6ac-4fd9fd4aae3d'),('0','2017-11-14 10:27:09','57e70c50-66ab-11e7-b6ac-4fd9fd4aae3d'),('0','2017-11-14 11:29:29','57e70c50-66ab-11e7-b6ac-4fd9fd4aae3d'),('2','2017-11-14 12:39:14','57e70c50-66ab-11e7-b6ac-4fd9fd4aae3d'),('0','2017-11-14 13:04:30','57e70c50-66ab-11e7-b6ac-4fd9fd4aae3d'),('1','2017-11-14 13:38:58','57e70c50-66ab-11e7-b6ac-4fd9fd4aae3d'),('0','2017-11-14 14:16:15','57e70c50-66ab-11e7-b6ac-4fd9fd4aae3d'),('1','2017-11-14 14:22:46','57e70c50-66ab-11e7-b6ac-4fd9fd4aae3d'),('0','2017-11-14 14:48:39','57e70c50-66ab-11e7-b6ac-4fd9fd4aae3d'),('1','2017-11-14 14:54:44','57e70c50-66ab-11e7-b6ac-4fd9fd4aae3d'),('0','2017-11-14 15:30:32','57e70c50-66ab-11e7-b6ac-4fd9fd4aae3d'),('1','2017-11-14 15:37:38','57e70c50-66ab-11e7-b6ac-4fd9fd4aae3d'),('0','2017-11-14 17:31:24','57e70c50-66ab-11e7-b6ac-4fd9fd4aae3d'),('0','2017-11-16 09:45:41','57e70c50-66ab-11e7-b6ac-4fd9fd4aae3d'),('2','2017-11-16 11:51:05','57e70c50-66ab-11e7-b6ac-4fd9fd4aae3d'),('0','2017-11-16 12:16:13','57e70c50-66ab-11e7-b6ac-4fd9fd4aae3d'),('0','2017-11-16 12:58:59','57e70c50-66ab-11e7-b6ac-4fd9fd4aae3d'),('1','2017-11-16 13:11:04','57e70c50-66ab-11e7-b6ac-4fd9fd4aae3d'),('0','2017-11-16 13:36:07','57e70c50-66ab-11e7-b6ac-4fd9fd4aae3d'),('0','2017-11-16 14:57:51','57e70c50-66ab-11e7-b6ac-4fd9fd4aae3d'),('0','2017-11-16 16:00:31','57e70c50-66ab-11e7-b6ac-4fd9fd4aae3d'),('0','2017-11-16 23:09:34','57e70c50-66ab-11e7-b6ac-4fd9fd4aae3d'),('0','2017-11-16 23:10:29','57e70c50-66ab-11e7-b6ac-4fd9fd4aae3d'),('0','2017-11-16 23:10:59','57e70c50-66ab-11e7-b6ac-4fd9fd4aae3d'),('0','2017-11-16 23:12:33','57e70c50-66ab-11e7-b6ac-4fd9fd4aae3d'),('0','2017-11-16 23:12:54','57e70c50-66ab-11e7-b6ac-4fd9fd4aae3d'),('1','2017-11-16 23:15:43','57e70c50-66ab-11e7-b6ac-4fd9fd4aae3d'),('0','2017-11-16 23:32:52','57e70c50-66ab-11e7-b6ac-4fd9fd4aae3d'),('1','2017-11-19 00:41:22','57e70c50-66ab-11e7-b6ac-4fd9fd4aae3d'),('0','2017-11-20 10:03:57','57e70c50-66ab-11e7-b6ac-4fd9fd4aae3d'),('1','2017-11-20 10:04:31','57e70c50-66ab-11e7-b6ac-4fd9fd4aae3d'),('0','2017-11-20 10:04:49','57e70c50-66ab-11e7-b6ac-4fd9fd4aae3d'),('2','2017-11-20 11:11:15','57e70c50-66ab-11e7-b6ac-4fd9fd4aae3d'),('0','2017-11-20 12:05:39','57e70c50-66ab-11e7-b6ac-4fd9fd4aae3d'),('1','2017-11-20 12:12:24','57e70c50-66ab-11e7-b6ac-4fd9fd4aae3d'),('0','2017-11-20 12:37:30','57e70c50-66ab-11e7-b6ac-4fd9fd4aae3d'),('1','2017-11-20 12:42:39','57e70c50-66ab-11e7-b6ac-4fd9fd4aae3d'),('0','2017-11-20 13:07:49','57e70c50-66ab-11e7-b6ac-4fd9fd4aae3d'),('1','2017-11-20 13:13:02','57e70c50-66ab-11e7-b6ac-4fd9fd4aae3d'),('1','2017-11-20 13:17:13','57e70c50-66ab-11e7-b6ac-4fd9fd4aae3d'),('0','2017-11-20 13:43:45','57e70c50-66ab-11e7-b6ac-4fd9fd4aae3d'),('1','2017-11-20 13:48:54','57e70c50-66ab-11e7-b6ac-4fd9fd4aae3d'),('0','2017-11-20 14:17:08','57e70c50-66ab-11e7-b6ac-4fd9fd4aae3d'),('1','2017-11-20 14:22:22','57e70c50-66ab-11e7-b6ac-4fd9fd4aae3d'),('0','2017-11-20 14:57:26','57e70c50-66ab-11e7-b6ac-4fd9fd4aae3d'),('1','2017-11-20 15:04:08','57e70c50-66ab-11e7-b6ac-4fd9fd4aae3d'),('0','2017-11-20 15:30:48','57e70c50-66ab-11e7-b6ac-4fd9fd4aae3d'),('1','2017-11-20 15:46:49','57e70c50-66ab-11e7-b6ac-4fd9fd4aae3d'),('0','2017-11-20 16:16:37','57e70c50-66ab-11e7-b6ac-4fd9fd4aae3d'),('1','2017-11-20 16:21:47','57e70c50-66ab-11e7-b6ac-4fd9fd4aae3d'),('0','2017-11-20 17:31:15','57e70c50-66ab-11e7-b6ac-4fd9fd4aae3d'),('0','2017-11-21 09:51:47','57e70c50-66ab-11e7-b6ac-4fd9fd4aae3d'),('1','2017-11-21 09:59:50','57e70c50-66ab-11e7-b6ac-4fd9fd4aae3d'),('0','2017-11-21 10:25:00','57e70c50-66ab-11e7-b6ac-4fd9fd4aae3d'),('2','2017-11-21 11:25:31','57e70c50-66ab-11e7-b6ac-4fd9fd4aae3d'),('0','2017-11-21 11:50:43','57e70c50-66ab-11e7-b6ac-4fd9fd4aae3d'),('1','2017-11-21 11:55:58','57e70c50-66ab-11e7-b6ac-4fd9fd4aae3d'),('0','2017-11-21 12:29:14','57e70c50-66ab-11e7-b6ac-4fd9fd4aae3d'),('1','2017-11-21 12:34:33','57e70c50-66ab-11e7-b6ac-4fd9fd4aae3d'),('1','2017-11-21 12:39:47','57e70c50-66ab-11e7-b6ac-4fd9fd4aae3d'),('0','2017-11-21 13:24:18','57e70c50-66ab-11e7-b6ac-4fd9fd4aae3d'),('1','2017-11-21 13:32:09','57e70c50-66ab-11e7-b6ac-4fd9fd4aae3d'),('0','2017-11-21 14:03:45','57e70c50-66ab-11e7-b6ac-4fd9fd4aae3d'),('1','2017-11-21 14:13:33','57e70c50-66ab-11e7-b6ac-4fd9fd4aae3d'),('0','2017-11-21 14:39:41','57e70c50-66ab-11e7-b6ac-4fd9fd4aae3d'),('1','2017-11-21 14:44:48','57e70c50-66ab-11e7-b6ac-4fd9fd4aae3d'),('0','2017-11-21 15:12:37','57e70c50-66ab-11e7-b6ac-4fd9fd4aae3d'),('1','2017-11-21 15:17:43','57e70c50-66ab-11e7-b6ac-4fd9fd4aae3d'),('0','2017-11-21 15:43:00','57e70c50-66ab-11e7-b6ac-4fd9fd4aae3d'),('1','2017-11-21 15:48:17','57e70c50-66ab-11e7-b6ac-4fd9fd4aae3d'),('0','2017-11-21 16:13:36','57e70c50-66ab-11e7-b6ac-4fd9fd4aae3d'),('1','2017-11-21 16:18:44','57e70c50-66ab-11e7-b6ac-4fd9fd4aae3d'),('0','2017-11-21 16:50:10','57e70c50-66ab-11e7-b6ac-4fd9fd4aae3d'),('1','2017-11-21 16:55:27','57e70c50-66ab-11e7-b6ac-4fd9fd4aae3d'),('0','2017-11-21 17:20:36','57e70c50-66ab-11e7-b6ac-4fd9fd4aae3d'),('1','2017-11-21 17:25:48','57e70c50-66ab-11e7-b6ac-4fd9fd4aae3d'),('0','2017-11-22 10:20:52','57e70c50-66ab-11e7-b6ac-4fd9fd4aae3d'),('1','2017-11-22 10:28:15','57e70c50-66ab-11e7-b6ac-4fd9fd4aae3d'),('2','2017-11-22 11:59:35','57e70c50-66ab-11e7-b6ac-4fd9fd4aae3d'),('0','2017-11-22 12:59:14','57e70c50-66ab-11e7-b6ac-4fd9fd4aae3d'),('1','2017-11-22 13:07:59','57e70c50-66ab-11e7-b6ac-4fd9fd4aae3d'),('0','2017-11-22 13:33:40','57e70c50-66ab-11e7-b6ac-4fd9fd4aae3d'),('0','2017-11-23 12:01:49','57e70c50-66ab-11e7-b6ac-4fd9fd4aae3d'),('0','2017-11-23 12:27:00','57e70c50-66ab-11e7-b6ac-4fd9fd4aae3d'),('1','2017-11-23 13:34:59','57e70c50-66ab-11e7-b6ac-4fd9fd4aae3d'),('0','2017-11-24 13:25:17','57e70c50-66ab-11e7-b6ac-4fd9fd4aae3d'),('1','2017-11-24 13:30:18','57e70c50-66ab-11e7-b6ac-4fd9fd4aae3d'),('0','2017-11-24 13:57:37','57e70c50-66ab-11e7-b6ac-4fd9fd4aae3d'),('1','2017-11-24 14:19:25','57e70c50-66ab-11e7-b6ac-4fd9fd4aae3d'),('0','2017-11-24 14:46:32','57e70c50-66ab-11e7-b6ac-4fd9fd4aae3d'),('1','2017-11-24 14:51:56','57e70c50-66ab-11e7-b6ac-4fd9fd4aae3d'),('0','2017-11-24 15:20:01','57e70c50-66ab-11e7-b6ac-4fd9fd4aae3d'),('0','2017-11-27 12:01:04','57e70c50-66ab-11e7-b6ac-4fd9fd4aae3d'),('0','2017-11-27 12:26:15','57e70c50-66ab-11e7-b6ac-4fd9fd4aae3d'),('1','2017-11-27 12:31:23','57e70c50-66ab-11e7-b6ac-4fd9fd4aae3d'),('0','2017-11-27 13:00:09','57e70c50-66ab-11e7-b6ac-4fd9fd4aae3d'),('1','2017-11-27 13:05:19','57e70c50-66ab-11e7-b6ac-4fd9fd4aae3d'),('0','2017-11-27 13:30:33','57e70c50-66ab-11e7-b6ac-4fd9fd4aae3d'),('1','2017-11-27 13:48:17','57e70c50-66ab-11e7-b6ac-4fd9fd4aae3d'),('0','2017-11-27 14:58:39','57e70c50-66ab-11e7-b6ac-4fd9fd4aae3d'),('1','2017-11-27 15:04:09','57e70c50-66ab-11e7-b6ac-4fd9fd4aae3d'),('0','2017-11-27 15:29:12','57e70c50-66ab-11e7-b6ac-4fd9fd4aae3d'),('1','2017-11-27 15:34:22','57e70c50-66ab-11e7-b6ac-4fd9fd4aae3d'),('0','2017-11-27 16:00:02','57e70c50-66ab-11e7-b6ac-4fd9fd4aae3d'),('0','2017-11-27 16:26:36','57e70c50-66ab-11e7-b6ac-4fd9fd4aae3d'),('1','2017-11-27 16:32:30','57e70c50-66ab-11e7-b6ac-4fd9fd4aae3d'),('0','2017-11-27 17:00:45','57e70c50-66ab-11e7-b6ac-4fd9fd4aae3d'),('1','2017-11-27 17:23:26','57e70c50-66ab-11e7-b6ac-4fd9fd4aae3d'),('0','2017-11-28 09:46:25','57e70c50-66ab-11e7-b6ac-4fd9fd4aae3d'),('1','2017-11-28 09:52:02','57e70c50-66ab-11e7-b6ac-4fd9fd4aae3d'),('0','2017-11-28 10:21:25','57e70c50-66ab-11e7-b6ac-4fd9fd4aae3d'),('1','2017-11-28 10:29:47','57e70c50-66ab-11e7-b6ac-4fd9fd4aae3d'),('0','2017-11-28 11:15:52','57e70c50-66ab-11e7-b6ac-4fd9fd4aae3d'),('0','2017-11-28 12:08:53','57e70c50-66ab-11e7-b6ac-4fd9fd4aae3d'),('0','2017-11-28 12:39:42','57e70c50-66ab-11e7-b6ac-4fd9fd4aae3d'),('0','2017-11-28 13:14:44','57e70c50-66ab-11e7-b6ac-4fd9fd4aae3d'),('0','2017-11-28 13:44:28','57e70c50-66ab-11e7-b6ac-4fd9fd4aae3d'),('0','2017-11-29 10:04:15','57e70c50-66ab-11e7-b6ac-4fd9fd4aae3d'),('1','2017-11-29 10:17:38','57e70c50-66ab-11e7-b6ac-4fd9fd4aae3d'),('0','2017-11-29 10:44:40','57e70c50-66ab-11e7-b6ac-4fd9fd4aae3d'),('0','2017-12-01 09:46:42','57e70c50-66ab-11e7-b6ac-4fd9fd4aae3d'),('1','2017-12-01 09:51:43','57e70c50-66ab-11e7-b6ac-4fd9fd4aae3d'),('0','2017-12-01 10:19:35','57e70c50-66ab-11e7-b6ac-4fd9fd4aae3d'),('1','2017-12-01 10:24:40','57e70c50-66ab-11e7-b6ac-4fd9fd4aae3d'),('0','2017-12-01 11:22:29','57e70c50-66ab-11e7-b6ac-4fd9fd4aae3d'),('1','2017-12-01 11:32:09','57e70c50-66ab-11e7-b6ac-4fd9fd4aae3d'),('2','2017-12-01 12:35:15','57e70c50-66ab-11e7-b6ac-4fd9fd4aae3d'),('1','2017-12-01 12:41:55','57e70c50-66ab-11e7-b6ac-4fd9fd4aae3d'),('0','2017-12-01 13:10:32','57e70c50-66ab-11e7-b6ac-4fd9fd4aae3d'),('1','2017-12-01 13:15:42','57e70c50-66ab-11e7-b6ac-4fd9fd4aae3d'),('0','2017-12-01 13:52:02','57e70c50-66ab-11e7-b6ac-4fd9fd4aae3d'),('1','2017-12-01 13:57:34','57e70c50-66ab-11e7-b6ac-4fd9fd4aae3d'),('0','2017-12-01 14:27:02','57e70c50-66ab-11e7-b6ac-4fd9fd4aae3d'),('0','2017-12-01 14:59:37','57e70c50-66ab-11e7-b6ac-4fd9fd4aae3d'),('1','2017-12-01 15:23:19','57e70c50-66ab-11e7-b6ac-4fd9fd4aae3d'),('0','2017-12-01 15:48:55','57e70c50-66ab-11e7-b6ac-4fd9fd4aae3d'),('1','2017-12-01 15:55:57','57e70c50-66ab-11e7-b6ac-4fd9fd4aae3d'),('0','2017-12-01 18:05:32','57e70c50-66ab-11e7-b6ac-4fd9fd4aae3d'),('0','2017-12-04 12:47:42','57e70c50-66ab-11e7-b6ac-4fd9fd4aae3d'),('0','2017-12-04 13:15:06','57e70c50-66ab-11e7-b6ac-4fd9fd4aae3d'),('1','2017-12-04 13:21:50','57e70c50-66ab-11e7-b6ac-4fd9fd4aae3d'),('0','2017-12-04 14:01:02','57e70c50-66ab-11e7-b6ac-4fd9fd4aae3d'),('1','2017-12-04 14:10:39','57e70c50-66ab-11e7-b6ac-4fd9fd4aae3d'),('0','2017-12-04 15:34:16','57e70c50-66ab-11e7-b6ac-4fd9fd4aae3d'),('0','2017-12-04 16:24:26','57e70c50-66ab-11e7-b6ac-4fd9fd4aae3d'),('0','2017-12-05 12:29:24','57e70c50-66ab-11e7-b6ac-4fd9fd4aae3d'),('0','2017-12-05 12:54:34','57e70c50-66ab-11e7-b6ac-4fd9fd4aae3d'),('0','2017-12-06 09:59:52','57e70c50-66ab-11e7-b6ac-4fd9fd4aae3d'),('1','2017-12-06 10:07:03','57e70c50-66ab-11e7-b6ac-4fd9fd4aae3d'),('0','2017-12-06 11:00:17','57e70c50-66ab-11e7-b6ac-4fd9fd4aae3d'),('0','2017-12-06 12:18:58','57e70c50-66ab-11e7-b6ac-4fd9fd4aae3d'),('0','2017-12-06 12:44:10','57e70c50-66ab-11e7-b6ac-4fd9fd4aae3d'),('0','2017-12-06 13:56:00','57e70c50-66ab-11e7-b6ac-4fd9fd4aae3d'),('0','2017-12-06 15:22:08','57e70c50-66ab-11e7-b6ac-4fd9fd4aae3d'),('1','2017-12-06 16:04:30','57e70c50-66ab-11e7-b6ac-4fd9fd4aae3d'),('0','2017-12-06 16:32:57','57e70c50-66ab-11e7-b6ac-4fd9fd4aae3d'),('1','2017-12-06 16:40:17','57e70c50-66ab-11e7-b6ac-4fd9fd4aae3d'),('0','2017-12-07 09:47:10','57e70c50-66ab-11e7-b6ac-4fd9fd4aae3d'),('1','2017-12-07 09:52:18','57e70c50-66ab-11e7-b6ac-4fd9fd4aae3d'),('0','2017-12-07 10:18:52','57e70c50-66ab-11e7-b6ac-4fd9fd4aae3d'),('1','2017-12-07 10:31:29','57e70c50-66ab-11e7-b6ac-4fd9fd4aae3d'),('0','2017-12-07 12:55:26','57e70c50-66ab-11e7-b6ac-4fd9fd4aae3d'),('0','2017-12-07 13:54:34','57e70c50-66ab-11e7-b6ac-4fd9fd4aae3d'),('1','2017-12-07 14:05:20','57e70c50-66ab-11e7-b6ac-4fd9fd4aae3d'),('0','2017-12-07 14:34:53','57e70c50-66ab-11e7-b6ac-4fd9fd4aae3d'),('1','2017-12-07 14:42:08','57e70c50-66ab-11e7-b6ac-4fd9fd4aae3d'),('0','2017-12-07 16:03:51','57e70c50-66ab-11e7-b6ac-4fd9fd4aae3d'),('0','2017-12-08 09:50:38','57e70c50-66ab-11e7-b6ac-4fd9fd4aae3d'),('1','2017-12-08 10:07:46','57e70c50-66ab-11e7-b6ac-4fd9fd4aae3d'),('0','2017-12-08 12:12:43','57e70c50-66ab-11e7-b6ac-4fd9fd4aae3d'),('2','2017-12-11 11:10:16','57e70c50-66ab-11e7-b6ac-4fd9fd4aae3d'),('0','2017-12-11 12:18:09','57e70c50-66ab-11e7-b6ac-4fd9fd4aae3d'),('1','2017-12-11 12:30:11','57e70c50-66ab-11e7-b6ac-4fd9fd4aae3d'),('0','2017-12-11 12:57:38','57e70c50-66ab-11e7-b6ac-4fd9fd4aae3d'),('1','2017-12-11 13:02:54','57e70c50-66ab-11e7-b6ac-4fd9fd4aae3d'),('0','2017-12-11 13:32:19','57e70c50-66ab-11e7-b6ac-4fd9fd4aae3d'),('1','2017-12-11 13:37:26','57e70c50-66ab-11e7-b6ac-4fd9fd4aae3d'),('0','2017-12-11 14:12:52','57e70c50-66ab-11e7-b6ac-4fd9fd4aae3d'),('0','2017-12-11 14:51:23','57e70c50-66ab-11e7-b6ac-4fd9fd4aae3d'),('1','2017-12-11 15:15:07','57e70c50-66ab-11e7-b6ac-4fd9fd4aae3d'),('0','2017-12-11 15:40:13','57e70c50-66ab-11e7-b6ac-4fd9fd4aae3d'),('0','2017-12-11 17:49:36','57e70c50-66ab-11e7-b6ac-4fd9fd4aae3d'),('1','2017-12-13 09:56:15','57e70c50-66ab-11e7-b6ac-4fd9fd4aae3d'),('0','2017-12-13 10:21:25','57e70c50-66ab-11e7-b6ac-4fd9fd4aae3d'),('2','2017-12-13 11:21:43','57e70c50-66ab-11e7-b6ac-4fd9fd4aae3d'),('0','2017-12-13 12:03:52','57e70c50-66ab-11e7-b6ac-4fd9fd4aae3d'),('1','2017-12-13 12:27:41','57e70c50-66ab-11e7-b6ac-4fd9fd4aae3d'),('0','2017-12-13 12:53:25','57e70c50-66ab-11e7-b6ac-4fd9fd4aae3d'),('0','2017-12-13 13:23:03','57e70c50-66ab-11e7-b6ac-4fd9fd4aae3d'),('1','2017-12-13 13:53:51','57e70c50-66ab-11e7-b6ac-4fd9fd4aae3d'),('0','2017-12-13 14:19:09','57e70c50-66ab-11e7-b6ac-4fd9fd4aae3d'),('0','2017-12-13 15:11:30','57e70c50-66ab-11e7-b6ac-4fd9fd4aae3d'),('1','2017-12-13 15:25:04','57e70c50-66ab-11e7-b6ac-4fd9fd4aae3d'),('1','2017-12-13 15:35:00','57e70c50-66ab-11e7-b6ac-4fd9fd4aae3d'),('1','2018-01-01 20:20:17','57e70c50-66ab-11e7-b6ac-4fd9fd4aae3d'),('0','2018-01-01 20:46:58','57e70c50-66ab-11e7-b6ac-4fd9fd4aae3d'),('0','2018-01-09 09:04:33','57e70c50-66ab-11e7-b6ac-4fd9fd4aae3d'),('1','2018-01-09 09:09:46','57e70c50-66ab-11e7-b6ac-4fd9fd4aae3d'),('0','2018-01-09 09:35:19','57e70c50-66ab-11e7-b6ac-4fd9fd4aae3d'),('1','2018-01-09 09:40:39','57e70c50-66ab-11e7-b6ac-4fd9fd4aae3d'),('0','2018-01-09 10:05:43','57e70c50-66ab-11e7-b6ac-4fd9fd4aae3d'),('2','2018-01-09 11:09:00','57e70c50-66ab-11e7-b6ac-4fd9fd4aae3d'),('0','2018-01-09 12:11:43','57e70c50-66ab-11e7-b6ac-4fd9fd4aae3d'),('1','2018-01-09 12:16:57','57e70c50-66ab-11e7-b6ac-4fd9fd4aae3d'),('0','2018-01-09 12:59:44','57e70c50-66ab-11e7-b6ac-4fd9fd4aae3d'),('0','2018-01-09 13:36:46','57e70c50-66ab-11e7-b6ac-4fd9fd4aae3d'),('1','2018-01-09 13:43:11','57e70c50-66ab-11e7-b6ac-4fd9fd4aae3d'),('1','2018-01-09 13:49:12','57e70c50-66ab-11e7-b6ac-4fd9fd4aae3d'),('0','2018-01-09 14:23:11','57e70c50-66ab-11e7-b6ac-4fd9fd4aae3d'),('0','2018-01-10 11:54:08','57e70c50-66ab-11e7-b6ac-4fd9fd4aae3d'),('0','2018-01-10 12:40:48','57e70c50-66ab-11e7-b6ac-4fd9fd4aae3d'),('1','2018-01-10 12:48:37','57e70c50-66ab-11e7-b6ac-4fd9fd4aae3d'),('0','2018-01-10 13:14:50','57e70c50-66ab-11e7-b6ac-4fd9fd4aae3d'),('1','2018-01-10 13:22:36','57e70c50-66ab-11e7-b6ac-4fd9fd4aae3d'),('0','2018-01-10 14:02:28','57e70c50-66ab-11e7-b6ac-4fd9fd4aae3d'),('0','2018-01-10 14:52:27','57e70c50-66ab-11e7-b6ac-4fd9fd4aae3d'),('1','2018-01-10 15:31:31','57e70c50-66ab-11e7-b6ac-4fd9fd4aae3d'),('2','2018-01-11 12:16:13','57e70c50-66ab-11e7-b6ac-4fd9fd4aae3d'),('0','2018-01-11 12:55:09','57e70c50-66ab-11e7-b6ac-4fd9fd4aae3d'),('1','2018-01-11 13:02:29','57e70c50-66ab-11e7-b6ac-4fd9fd4aae3d'),('0','2018-01-11 13:27:38','57e70c50-66ab-11e7-b6ac-4fd9fd4aae3d'),('1','2018-02-25 19:17:35','57e70c50-66ab-11e7-b6ac-4fd9fd4aae3d'),('0','2018-02-27 13:07:22','57e70c50-66ab-11e7-b6ac-4fd9fd4aae3d'),('1','2018-02-27 14:01:26','57e70c50-66ab-11e7-b6ac-4fd9fd4aae3d'),('0','2018-02-27 14:33:46','57e70c50-66ab-11e7-b6ac-4fd9fd4aae3d'),('0','2018-02-27 15:31:59','57e70c50-66ab-11e7-b6ac-4fd9fd4aae3d'),('0','2018-03-16 07:53:41','57e70c50-66ab-11e7-b6ac-4fd9fd4aae3d'),('1','2018-03-16 07:59:21','57e70c50-66ab-11e7-b6ac-4fd9fd4aae3d'),('0','2018-03-16 08:27:55','57e70c50-66ab-11e7-b6ac-4fd9fd4aae3d'),('1','2018-03-16 08:50:51','57e70c50-66ab-11e7-b6ac-4fd9fd4aae3d'),('0','2018-04-01 15:24:00','57e70c50-66ab-11e7-b6ac-4fd9fd4aae3d'),('1','2018-04-01 15:37:19','57e70c50-66ab-11e7-b6ac-4fd9fd4aae3d'),('0','2018-04-01 16:05:23','57e70c50-66ab-11e7-b6ac-4fd9fd4aae3d'),('1','2018-04-01 16:10:56','57e70c50-66ab-11e7-b6ac-4fd9fd4aae3d'),('0','2018-04-01 16:38:15','57e70c50-66ab-11e7-b6ac-4fd9fd4aae3d'),('0','2018-04-02 08:29:43','57e70c50-66ab-11e7-b6ac-4fd9fd4aae3d'),('0','2018-04-02 09:05:10','57e70c50-66ab-11e7-b6ac-4fd9fd4aae3d'),('0','2018-04-02 09:31:26','57e70c50-66ab-11e7-b6ac-4fd9fd4aae3d'),('0','2018-04-02 10:07:35','57e70c50-66ab-11e7-b6ac-4fd9fd4aae3d'),('0','2018-04-02 10:32:41','57e70c50-66ab-11e7-b6ac-4fd9fd4aae3d'),('0','2018-04-02 12:20:33','57e70c50-66ab-11e7-b6ac-4fd9fd4aae3d'),('0','2018-04-02 12:57:24','57e70c50-66ab-11e7-b6ac-4fd9fd4aae3d'),('0','2018-04-02 14:10:12','57e70c50-66ab-11e7-b6ac-4fd9fd4aae3d'),('0','2018-04-02 14:35:26','57e70c50-66ab-11e7-b6ac-4fd9fd4aae3d'),('0','2018-04-02 15:06:07','57e70c50-66ab-11e7-b6ac-4fd9fd4aae3d'),('0','2018-04-02 15:40:09','57e70c50-66ab-11e7-b6ac-4fd9fd4aae3d'),('0','2018-04-03 10:46:09','57e70c50-66ab-11e7-b6ac-4fd9fd4aae3d'),('0','2018-05-15 10:15:08','57e70c50-66ab-11e7-b6ac-4fd9fd4aae3d'),('0','2018-06-01 07:42:26','57e70c50-66ab-11e7-b6ac-4fd9fd4aae3d'),('0','2018-06-01 08:07:53','57e70c50-66ab-11e7-b6ac-4fd9fd4aae3d'),('0','2018-06-01 08:44:53','57e70c50-66ab-11e7-b6ac-4fd9fd4aae3d'),('1','2018-06-01 14:51:56','57e70c50-66ab-11e7-b6ac-4fd9fd4aae3d'),('0','2018-06-04 08:04:42','57e70c50-66ab-11e7-b6ac-4fd9fd4aae3d'),('0','2018-06-04 08:32:56','57e70c50-66ab-11e7-b6ac-4fd9fd4aae3d');
/*!40000 ALTER TABLE `pomodoro` ENABLE KEYS */;
UNLOCK TABLES;

--
-- Table structure for table `sessions`
--

DROP TABLE IF EXISTS `sessions`;
/*!40101 SET @saved_cs_client     = @@character_set_client */;
/*!40101 SET character_set_client = utf8 */;
CREATE TABLE `sessions` (
  `session_id` varchar(36) NOT NULL,
  `user_id` int(11) NOT NULL,
  `user_agent` varchar(45) DEFAULT NULL,
  UNIQUE KEY `session_id` (`session_id`)
) ENGINE=InnoDB DEFAULT CHARSET=latin1;
/*!40101 SET character_set_client = @saved_cs_client */;

--
-- Dumping data for table `sessions`
--

LOCK TABLES `sessions` WRITE;
/*!40000 ALTER TABLE `sessions` DISABLE KEYS */;
INSERT INTO `sessions` VALUES ('57e70c50-66ab-11e7-b6ac-4fd9fd4aae3d',3,NULL);
/*!40000 ALTER TABLE `sessions` ENABLE KEYS */;
UNLOCK TABLES;

--
-- Table structure for table `user_apps`
--

DROP TABLE IF EXISTS `user_apps`;
/*!40101 SET @saved_cs_client     = @@character_set_client */;
/*!40101 SET character_set_client = utf8 */;
CREATE TABLE `user_apps` (
  `name` varchar(45) NOT NULL,
  `db` varchar(45) DEFAULT NULL,
  `scripts_folder` varchar(45) DEFAULT NULL,
  `views_folder` varchar(45) DEFAULT NULL,
  `icon` varchar(45) DEFAULT NULL,
  `user_id` int(11) DEFAULT NULL,
  UNIQUE KEY `name_UNIQUE` (`name`),
  UNIQUE KEY `db_UNIQUE` (`db`)
) ENGINE=InnoDB DEFAULT CHARSET=latin1;
/*!40101 SET character_set_client = @saved_cs_client */;

--
-- Dumping data for table `user_apps`
--

LOCK TABLES `user_apps` WRITE;
/*!40000 ALTER TABLE `user_apps` DISABLE KEYS */;
/*!40000 ALTER TABLE `user_apps` ENABLE KEYS */;
UNLOCK TABLES;

--
-- Table structure for table `users`
--

DROP TABLE IF EXISTS `users`;
/*!40101 SET @saved_cs_client     = @@character_set_client */;
/*!40101 SET character_set_client = utf8 */;
CREATE TABLE `users` (
  `name` varchar(45) DEFAULT NULL,
  `password` binary(20) DEFAULT NULL,
  `id` int(11) NOT NULL AUTO_INCREMENT,
  PRIMARY KEY (`id`),
  UNIQUE KEY `name_UNIQUE` (`name`)
) ENGINE=InnoDB AUTO_INCREMENT=4 DEFAULT CHARSET=latin1;
/*!40101 SET character_set_client = @saved_cs_client */;

--
-- Dumping data for table `users`
--

LOCK TABLES `users` WRITE;
/*!40000 ALTER TABLE `users` DISABLE KEYS */;
INSERT INTO `users` VALUES ('alex','5j+yLTWMF\9T(',3);
/*!40000 ALTER TABLE `users` ENABLE KEYS */;
UNLOCK TABLES;
/*!40103 SET TIME_ZONE=@OLD_TIME_ZONE */;

/*!40101 SET SQL_MODE=@OLD_SQL_MODE */;
/*!40014 SET FOREIGN_KEY_CHECKS=@OLD_FOREIGN_KEY_CHECKS */;
/*!40014 SET UNIQUE_CHECKS=@OLD_UNIQUE_CHECKS */;
/*!40101 SET CHARACTER_SET_CLIENT=@OLD_CHARACTER_SET_CLIENT */;
/*!40101 SET CHARACTER_SET_RESULTS=@OLD_CHARACTER_SET_RESULTS */;
/*!40101 SET COLLATION_CONNECTION=@OLD_COLLATION_CONNECTION */;
/*!40111 SET SQL_NOTES=@OLD_SQL_NOTES */;

-- Dump completed on 2018-08-19  7:05:06
